{
    "arabica": [
        {
            "foto": "images/produk/product_capuchino.jpg",
            "nama": "Cappuccino Arabica",
            "size": "500 Gram",
            "harga": "200.000",
            "link": "https://www.google.com/search?q=cappuccino+arabica&tbm=shop"
        },
        {
            "foto": "images/produk/product_espresso.jpg",
            "nama": "Pahit Arabica",
            "size": "100 Gram",
            "harga": "100.000",
            "link": "https://www.google.com/search?q=pahit+arabica&tbm=shop"
        },
        {
            "foto": "images/produk/product_latte.jpg",
            "nama": "Latte Arabica",
            "size": "150 Gram",
            "harga": "150.000",
            "link": "https://www.google.com/search?q=latte+arabica&tbm=shop"
        }
    ],
    "robusta": [
        {
            "foto": "images/produk/product_kopi_susu.jpg",
            "nama": "Kopsus Robusta",
            "size": "100 Gram",
            "harga": "500.000",
            "link": "https://www.google.com/search?q=kopi+susu+robusta&tbm=shop"
        },
        {
            "foto": "images/produk/product_latte.jpg",
            "nama": "Latte Robusta",
            "size": "150 Gram",
            "harga": "150.000",
            "link": "https://www.google.com/search?q=latte+robusta&tbm=shop"
        }
    ],
    "nonkopi": [
        {
            "foto": "https://encrypted-tbn0.gstatic.com/images?q=tbn:ANd9GcQGes7g3emEZjuO7SSMZoZCmxspHyblWr4fcvgUhgaQSpoAsUchAFsHHZdd&s=10",
            "nama": "Es Teh",
            "size": "150 ml",
            "harga": "5.000",
            "link": "https://www.google.com/search?q=kopi+susu+robusta&tbm=shop"
        },
        {
            "foto": "https://encrypted-tbn0.gstatic.com/images?q=tbn:ANd9GcQS0tWbi69jg_mboY_eHjunYx5ZK2wzNUrQAkw44sbHlXynQmL79DRku2U&s=10",
            "nama": "Hot Matcha",
            "size": "150 ml",
            "harga": "15.000",
            "link": "https://www.google.com/search?q=latte+robusta&tbm=shop"
        },
        {

            "foto": "https://encrypted-tbn0.gstatic.com/images?q=tbn:ANd9GcSw7hAKi2KcBhOG6VS9BOrGcvVYnYpdhOO83LwP38HlButTelk3dkMZRsY&s=100",
            "nama": "Es kelapa Muda",
            "size": "200 ml",
            "harga": "20.000",
            "link": "https://www.google.com/search?q=latte+robusta&tbm=shop"
        }
    ],
    "makanan": [

        {

            "foto": "https://encrypted-tbn0.gstatic.com/images?q=tbn:ANd9GcSd3fmu_WniuaOfdPOjiYmsOGls-n1olOrs5znoL0laSOmpj9aYngTFNidQ&s=10",
            "nama": "Nasi Goreng",
            "size": "1 piring",
            "harga": "15.000",
            "link": "https://www.google.com/search?q=kopi+susu+robusta&tbm=shop"
        },
        {
            "foto": "https://encrypted-tbn0.gstatic.com/images?q=tbn:ANd9GcTgFsGTeZEQU3XY-rYCWLfKaKOrmuXfqAlXJnGgWGYmgB5tLAnAVy5T3SRE&s=10",
            "nama": "Bakso",
            "size": "1 mangkok",
            "harga": "15.000",
            "link": "https://www.google.com/search?q=latte+robusta&tbm=shop"
        }
    ]
}